Technique,Description,Citation (Author, Year, Journal),Paper Title,DOI,URL
Aerobic exercise,"Do brisk walking, jogging, cycling, swimming, or similar moderate-to-vigorous movement for 20–45 minutes on most days.","Noetel et al., 2024, The BMJ",Effect of exercise for depression: systematic review and network meta-analysis of randomised controlled trials,10.1136/bmj-2023-075847,https://doi.org/10.1136/bmj-2023-075847
Aerobic exercise,"Do brisk walking, jogging, cycling, swimming, or similar moderate-to-vigorous movement for 20–45 minutes on most days.","Heissel et al., 2023, Br. J. Sports Medicine",Exercise as medicine for depressive symptoms? A systematic review and meta-analysis with meta-regression,10.1136/bjsports-2022-106282,https://doi.org/10.1136/bjsports-2022-106282
Resistance training,Train major muscle groups 2–3 times per week with progressive overload and enough recovery.,"Gordon et al., 2018, JAMA Psychiatry",Association of Efficacy of Resistance Exercise Training With Depressive Symptoms,10.1001/jamapsychiatry.2018.0572,https://doi.org/10.1001/jamapsychiatry.2018.0572
CBT Thought Record,"Use a structured worksheet to log a situation, the emotion it triggered, the automatic thought, the evidence for and against it, and a balanced alternative.","Cuijpers et al., 2023, World Psychiatry","Cognitive behavior therapy vs. control conditions, other psychotherapies, pharmacotherapies and combined treatment for depression: a comprehensive meta‐analysis including 409 trials with 52,702 patients",10.1002/wps.21069,https://doi.org/10.1002/wps.21069
ABC Technique,"See how a Belief (B) — not the Activating event (A) itself — drives your emotional Consequence (C), then dispute that belief to change the reaction.","David et al., 2018, J. Clinical Psychology",50 years of rational‐emotive and cognitive‐behavioral therapy: A systematic review and meta‐analysis,10.1002/jclp.22514,https://doi.org/10.1002/jclp.22514
ABC Technique,"See how a Belief (B) — not the Activating event (A) itself — drives your emotional Consequence (C), then dispute that belief to change the reaction.","King et al., 2024, PLOS ONE",A systematic review of the nature and efficacy of Rational Emotive Behaviour Therapy interventions,10.1371/journal.pone.0306835,https://doi.org/10.1371/journal.pone.0306835
Cognitive restructuring,"Catch a distorted or exaggerated thought, weigh the actual evidence for and against it, and reframe it in more accurate, balanced terms.","Ciharova et al., 2021, J. Consulting & Clinical Psych.","Cognitive restructuring, behavioral activation and cognitive-behavioral therapy in the treatment of adult depression: A network meta-analysis.",10.1037/ccp0000654,https://doi.org/10.1037/ccp0000654
Behavioral activation,"Schedule small rewarding or valued actions before motivation appears, then track mood afterward.","Stein et al., 2021, Psychological Medicine","Looking beyond depression: a meta-analysis of the effect of behavioral activation on depression, anxiety, and activation",10.1017/S0033291720000239,https://doi.org/10.1017/S0033291720000239
Behavioral activation,"Schedule small rewarding or valued actions before motivation appears, then track mood afterward.","Cuijpers et al., 2023, Psychotherapy Research",Individual behavioral activation in the treatment of depression: A meta analysis,10.1080/10503307.2023.2197630,https://doi.org/10.1080/10503307.2023.2197630
Graded exposure,"Build a fear hierarchy and repeatedly face feared situations without escaping or using safety behaviors, advancing as each becomes manageable.","Wolitzky-Taylor et al., 2008, Clinical Psych. Review",Psychological approaches in the treatment of specific phobias: A meta-analysis,10.1016/j.cpr.2008.02.007,https://doi.org/10.1016/j.cpr.2008.02.007
ERP (exposure + prevention),"Trigger the obsession or fear while deliberately not doing the compulsion, reassurance, avoidance, or escape behavior.","Reid et al., 2021, Comprehensive Psychiatry",Cognitive behavioural therapy with exposure and response prevention in the treatment of obsessive-compulsive disorder: A systematic review and meta-analysis of randomised controlled trials,10.1016/j.comppsych.2021.152223,https://doi.org/10.1016/j.comppsych.2021.152223
Problem-solving therapy,"Define the problem, generate options, choose one, act, and review the result.","Cuijpers et al., 2018, European Psychiatry",Problem-solving therapy for adult depression: An updated meta-analysis,10.1016/j.eurpsy.2017.11.006,https://doi.org/10.1016/j.eurpsy.2017.11.006
Worry time,Postpone worries to a scheduled 10–20 minute window and redirect attention when they arise outside it.,"Dippel et al., 2023, Int. J. Cognitive Therapy",Effects of Worry Postponement on Daily Worry: a Meta-Analysis,10.1007/s41811-023-00193-x,https://doi.org/10.1007/s41811-023-00193-x
Progressive relaxation,Tense and release each major muscle group in sequence while noticing the contrast.,"Donato et al., 2026, J. Psychosomatic Research",Progressive muscle relaxation technique improves sleep quality and mental health: A systematic review and meta-analysis of randomized controlled trials,10.1016/j.jpsychores.2026.112563,https://doi.org/10.1016/j.jpsychores.2026.112563
Mindfulness meditation,"Focus on breath, body, or sound, and gently return attention whenever the mind wanders.","Khoury et al., 2015, J. Psychosomatic Research",Mindfulness-based stress reduction for healthy individuals: A meta-analysis,10.1016/j.jpsychores.2015.03.009,https://doi.org/10.1016/j.jpsychores.2015.03.009
Sleep restriction,"Limit time in bed to actual sleep time, then gradually expand the window as sleep efficiency improves.","Maurer et al., 2021, Sleep Medicine Reviews",The clinical effects of sleep restriction therapy for insomnia: A meta-analysis of randomised controlled trials,10.1016/j.smrv.2021.101493,https://doi.org/10.1016/j.smrv.2021.101493
Implementation intentions,"Write a specific 'If situation X happens, then I will do behavior Y' plan.","Gollwitzer & Sheeran, 2006, Adv. Exp. Social Psych.",Implementation Intentions and Goal Achievement: A Meta‐analysis of Effects and Processes,10.1016/S0065-2601(06)38002-1,https://doi.org/10.1016/S0065-2601(06)38002-1
Specific goal + feedback,Set a hard but reachable target and compare progress against it regularly.,"Epton et al., 2017, J. Consulting & Clinical Psych.",Unique effects of setting goals on behavior change: Systematic review and meta-analysis.,10.1037/ccp0000260,https://doi.org/10.1037/ccp0000260
Specific goal + feedback,Set a hard but reachable target and compare progress against it regularly.,"Mento et al., 1987, Org. Behavior & Human Decision Proc.",A meta-analytic study of the effects of goal setting on task performance: 1966–1984,10.1016/0749-5978(87)90045-8,https://doi.org/10.1016/0749-5978(87)90045-8
Self-monitoring,Record the target behavior or outcome daily so patterns become visible.,"Harkin et al., 2016, Psychological Bulletin",Does monitoring goal progress promote goal attainment? A meta-analysis of the experimental evidence.,10.1037/bul0000025,https://doi.org/10.1037/bul0000025
Feedback loops,"Review tracked data, identify the next bottleneck, and change one variable at a time.","Krukowski et al., 2024, Int. J. Behav. Nutr. & Phys. Act.","Impact of feedback generation and presentation on self-monitoring behaviors, dietary intake, physical activity, and weight: a systematic review and meta-analysis",10.1186/s12966-023-01555-6,https://doi.org/10.1186/s12966-023-01555-6
Commitment device,"Lock in money, reputation, or access ahead of time so that not following through on the desired action carries a real cost.","Rogers et al., 2014, JAMA",Commitment Devices,10.1001/jama.2014.3485,https://doi.org/10.1001/jama.2014.3485
Commitment device,"Lock in money, reputation, or access ahead of time so that not following through on the desired action carries a real cost.","Coupe et al., 2019, BMC Public Health",The effect of commitment-making on weight loss and behaviour change in adults with obesity/overweight; a systematic review,10.1186/s12889-019-7185-3,https://doi.org/10.1186/s12889-019-7185-3
Stable-cue habits,Repeat one small behavior after the same cue in the same context until it becomes automatic.,"Singh et al., 2024, Healthcare",Time to Form a Habit: A Systematic Review and Meta-Analysis of Health Behaviour Habit Formation and Its Determinants,10.3390/healthcare12232488,https://doi.org/10.3390/healthcare12232488
Habit stacking,Attach a new behavior immediately after an existing reliable routine.,"Stecher et al., 2024, J. Behavioral Medicine",Combining anchoring with financial incentives to increase physical activity: a randomized controlled trial among college students,10.1007/s10865-024-00492-4,https://doi.org/10.1007/s10865-024-00492-4
Habit stacking,Attach a new behavior immediately after an existing reliable routine.,"Kaushal et al., 2017, Annals of Behavioral Medicine",Increasing Physical Activity Through Principles of Habit Formation in New Gym Members: a Randomized Controlled Trial,10.1007/s12160-017-9881-5,https://doi.org/10.1007/s12160-017-9881-5
Default design,Make the good option the default and add extra steps to the bad option.,"Mertens et al., 2022, PNAS",The effectiveness of nudging: A meta-analysis of choice architecture interventions across behavioral domains,10.1073/pnas.2107346118,https://doi.org/10.1073/pnas.2107346118
Default design,Make the good option the default and add extra steps to the bad option.,"Jachimowicz et al., 2019, Behavioural Public Policy",When and why defaults influence decisions: a meta-analysis of default effects,10.1017/bpp.2018.43,https://doi.org/10.1017/bpp.2018.43
Social support,"Draw on others for emotional, practical, and informational support — through close relationships or a group pursuing the same goal.","Zell et al., 2024, American Psychologist",Social support and psychological adjustment: A quantitative synthesis of 60 meta-analyses.,10.1037/amp0001323,https://doi.org/10.1037/amp0001323
Social support,"Draw on others for emotional, practical, and informational support — through close relationships or a group pursuing the same goal.","Lyons et al., 2021, BMC Psychiatry",A systematic review and meta-analysis of group peer support interventions for people experiencing mental health conditions,10.1186/s12888-021-03321-z,https://doi.org/10.1186/s12888-021-03321-z
Savoring,"Slow down, attend to pleasant details, and deliberately extend the positive experience.","Chen et al., 2026, Applied Psych.: Health & Well-Being",Effectiveness of savoring interventions: A systematic review and meta‐analysis of randomized controlled trials,10.1111/aphw.70134,https://doi.org/10.1111/aphw.70134
Nature exposure,"Spend regular time walking, sitting, or exercising in green or blue spaces.","Coventry et al., 2021, SSM – Population Health",Nature-based outdoor activities for mental and physical health: Systematic review and meta-analysis,10.1016/j.ssmph.2021.100934,https://doi.org/10.1016/j.ssmph.2021.100934
Step-count target,"Pick a realistic daily step target, track it, and increase it gradually when it becomes easy.","Chaudhry et al., 2020, Int. J. Behav. Nutr. & Phys. Act.",The effects of step-count monitoring interventions on physical activity: systematic review and meta-analysis of community-based randomised controlled trials in adults,10.1186/s12966-020-01020-8,https://doi.org/10.1186/s12966-020-01020-8
Diaphragmatic breathing,Breathe low into the belly at roughly 5–6 breaths per minute for several minutes.,"Fincham et al., 2023, Scientific Reports",Effect of breathwork on stress and mental health: A meta-analysis of randomised-controlled trials,10.1038/s41598-022-27247-y,https://doi.org/10.1038/s41598-022-27247-y
Diaphragmatic breathing,Breathe low into the belly at roughly 5–6 breaths per minute for several minutes.,"Hopper et al., 2019, JBI Evidence Synthesis",Effectiveness of diaphragmatic breathing for reducing physiological and psychological stress in adults: a quantitative systematic review,10.11124/JBISRIR-2017-003848,https://doi.org/10.11124/JBISRIR-2017-003848
Action planning,"Specify exactly when, where, how, and with what materials you will act.","da Silva et al., 2018, PLoS ONE",Impact of implementation intentions on physical activity practice in adults: A systematic review and meta-analysis of randomized clinical trials,10.1371/journal.pone.0206294,https://doi.org/10.1371/journal.pone.0206294
Action planning,"Specify exactly when, where, how, and with what materials you will act.","Zhang et al., 2018, Health Psychology",A meta-analysis of the health action process approach.,10.1037/hea0000728,https://doi.org/10.1037/hea0000728
Temptation bundling,Pair a beneficial task with an indulgence you only allow during that task.,"Milkman et al., 2014, Management Science",Holding the Hunger Games Hostage at the Gym: An Evaluation of Temptation Bundling,10.1287/mnsc.2013.1784,https://doi.org/10.1287/mnsc.2013.1784
Temptation bundling,Pair a beneficial task with an indulgence you only allow during that task.,"Kirgios et al., 2020, Org. Behavior & Human Decision Proc.",Teaching temptation bundling to boost exercise: A field experiment,10.1016/j.obhdp.2020.09.003,https://doi.org/10.1016/j.obhdp.2020.09.003
Tiny Habits,"Shrink the behavior until it feels easy, perform it after a cue, and briefly celebrate completion.","Singh et al., 2024, Healthcare",Time to Form a Habit: A Systematic Review and Meta-Analysis of Health Behaviour Habit Formation and Its Determinants,10.3390/healthcare12232488,https://doi.org/10.3390/healthcare12232488
Tiny Habits,"Shrink the behavior until it feels easy, perform it after a cue, and briefly celebrate completion.","Ma et al., 2023, Int. J. Behav. Nutr. & Phys. Act.",Effects of habit formation interventions on physical activity habit strength: meta-analysis and meta-regression,10.1186/s12966-023-01493-3,https://doi.org/10.1186/s12966-023-01493-3
GTD capture,"Put every open loop into one trusted inbox, clarify the next action, and review it regularly.","Gilbert et al., 2022, Psychonomic Bulletin & Review",Outsourcing Memory to External Tools: A Review of ‘Intention Offloading’,10.3758/s13423-022-02139-4,https://doi.org/10.3758/s13423-022-02139-4
GTD capture,"Put every open loop into one trusted inbox, clarify the next action, and review it regularly.","Gilbert et al., 2020, J. Exp. Psychology: General","Optimal use of reminders: Metacognition, effort, and cognitive offloading.",10.1037/xge0000652,https://doi.org/10.1037/xge0000652
Environmental design,Change your surroundings so the desired behavior is easy and the undesired behavior is inconvenient.,"Mertens et al., 2022, PNAS",The effectiveness of nudging: A meta-analysis of choice architecture interventions across behavioral domains,10.1073/pnas.2107346118,https://doi.org/10.1073/pnas.2107346118
Values clarification,"Work out what you most deeply value in life, then use those values to decide which goals are worth setting and pursuing.","Han et al., 2022, J. Medical Internet Research",The Effects of Internet-Based Acceptance and Commitment Therapy on Process Measures: Systematic Review and Meta-analysis,10.2196/39182,https://doi.org/10.2196/39182
Values clarification,"Work out what you most deeply value in life, then use those values to decide which goals are worth setting and pursuing.","Viskovich & Pakenham, 2019, J. Clinical Psychology",Randomized controlled trial of a web‐based Acceptance and Commitment Therapy (ACT) program to promote mental health in university students,10.1002/jclp.22848,https://doi.org/10.1002/jclp.22848
Cognitive defusion,"Step back and relate to thoughts as passing mental events rather than literal truths or commands — using techniques like labeling, repeating, or otherwise creating distance from them.","Larsson et al., 2016, Behavior Modification",Using Brief Cognitive Restructuring and Cognitive Defusion Techniques to Cope With Negative Thoughts,10.1177/0145445515621488,https://doi.org/10.1177/0145445515621488
Cognitive defusion,"Step back and relate to thoughts as passing mental events rather than literal truths or commands — using techniques like labeling, repeating, or otherwise creating distance from them.","Masuda et al., 2010, J. Behav. Ther. & Exp. Psychiatry",The effects of cognitive defusion and thought distraction on emotional discomfort and believability of negative self-referential thoughts,10.1016/j.jbtep.2009.08.006,https://doi.org/10.1016/j.jbtep.2009.08.006
Gratitude journaling,Write three specific things you feel grateful for each day.,"Choi et al., 2025, PNAS",A meta-analysis of the effectiveness of gratitude interventions on well-being across cultures,10.1073/pnas.2425193122,https://doi.org/10.1073/pnas.2425193122
Gratitude journaling,Write three specific things you feel grateful for each day.,"Kirca et al., 2023, Int. J. Applied Positive Psych.",The Effect of Expressed Gratitude Interventions on Psychological Wellbeing: A Meta-Analysis of Randomised Controlled Studies,10.1007/s41042-023-00086-6,https://doi.org/10.1007/s41042-023-00086-6
Three Good Things,"Each evening, list three good events from the day and your role in them (or why they happened).","Gander et al., 2016, Frontiers in Psychology","Positive Psychology Interventions Addressing Pleasure, Engagement, Meaning, Positive Relationships, and Accomplishment Increase Well-Being and Ameliorate Depressive Symptoms: A Randomized, Placebo-Controlled Online Study",10.3389/fpsyg.2016.00686,https://doi.org/10.3389/fpsyg.2016.00686
Three Good Things,"Each evening, list three good events from the day and your role in them (or why they happened).","Mongrain & Anselmo-Matthews, 2012, J. Clinical Psych.",Do Positive Psychology Exercises Work? A Replication of Seligman et al. (),10.1002/jclp.21839,https://doi.org/10.1002/jclp.21839
Process visualization,"Before a specific task or performance, vividly rehearse yourself carrying out each step and technique well — the execution itself, not just the end result.","Lindsay et al., 2021, Phys. Education & Sport Pedagogy",Mental imagery training programs for developing sport-specific motor skills: a systematic review and meta-analysis,10.1080/17408989.2021.1991297,https://doi.org/10.1080/17408989.2021.1991297
Process visualization,"Before a specific task or performance, vividly rehearse yourself carrying out each step and technique well — the execution itself, not just the end result.","Toth et al., 2020, Psychology of Sport & Exercise",Does mental practice still enhance performance? A 24 Year follow-up and meta-analytic replication and extension,10.1016/j.psychsport.2020.101672,https://doi.org/10.1016/j.psychsport.2020.101672
Assertiveness scripts,"Describe the facts, express your feeling, specify the request, and state the consequences — in calm, direct language.","Omura et al., 2017, Int. J. Nursing Studies",The effectiveness of assertiveness communication training programs for healthcare professionals and students: A systematic review,10.1016/j.ijnurstu.2017.09.001,https://doi.org/10.1016/j.ijnurstu.2017.09.001
Active listening,Reflect the other person's point and emotion before offering advice or disagreement.,"Weger et al., 2014, Int. J. of Listening",The Relative Effectiveness of Active Listening in Initial Interactions,10.1080/10904018.2013.813234,https://doi.org/10.1080/10904018.2013.813234
Active listening,Reflect the other person's point and emotion before offering advice or disagreement.,"Lee et al., 2024, Br. J. Clinical Psychology",Listening quality leads to greater working alliance and well‐being: Testing a social identity model of working alliance,10.1111/bjc.12489,https://doi.org/10.1111/bjc.12489
Morning light,"Get bright light soon after waking — outdoors when possible, or from a light box — to anchor your circadian rhythm.","Chen et al., 2024, Frontiers in Public Health",Circadian light therapy and light dose for depressed young people: a systematic review and meta-analysis,10.3389/fpubh.2023.1257093,https://doi.org/10.3389/fpubh.2023.1257093
Morning light,"Get bright light soon after waking — outdoors when possible, or from a light box — to anchor your circadian rhythm.","Chambe et al., 2023, J. of Sleep Research",Light therapy in insomnia disorder: A systematic review and meta‐analysis,10.1111/jsr.13895,https://doi.org/10.1111/jsr.13895
Daily review,"At day's end, note what happened, what worked, what failed, and tomorrow's priority.","Guo, 2021, Reflective Practice",How should reflection be supported in higher education? — A meta-analysis of reflection interventions,10.1080/14623943.2021.1995856,https://doi.org/10.1080/14623943.2021.1995856
Personal mission,"Draft a short statement of principles, roles, and long-term aims and revisit it regularly.","Boreham & Schutte, 2023, J. Clinical Psychology",The relationship between purpose in life and depression and anxiety: A meta‐analysis,10.1002/jclp.23576,https://doi.org/10.1002/jclp.23576
Personal mission,"Draft a short statement of principles, roles, and long-term aims and revisit it regularly.","Czekierda et al., 2017, Health Psychology Review",Meaning in life and physical health: systematic review and meta-analysis,10.1080/17437199.2017.1327325,https://doi.org/10.1080/17437199.2017.1327325
Life audit,"Rate major life domains, choose the lowest rated high-value domain, and set one action.","de Haan & Nilsson, 2023, Acad. of Mgmt. Learning & Education",What Can We Know about the Effectiveness of Coaching? A Meta-Analysis Based Only on Randomized Controlled Trials,10.5465/amle.2022.0107,https://doi.org/10.5465/amle.2022.0107
Deep Work,Schedule distraction-free blocks for cognitively demanding work and remove communication channels.,"Harris et al., 2023, Int. Review of Sport & Exercise Psych.",A systematic review and meta-analysis of the relationship between flow states and performance,10.1080/1750984X.2021.1929402,https://doi.org/10.1080/1750984X.2021.1929402
Deep Work,Schedule distraction-free blocks for cognitively demanding work and remove communication channels.,"Westbrook et al., 2018, BMJ Quality & Safety","Task errors by emergency physicians are associated with interruptions, multitasking, fatigue and working memory capacity: a prospective, direct observation study",10.1136/bmjqs-2017-007333,https://doi.org/10.1136/bmjqs-2017-007333
Sleep stimulus control,"Use bed only for sleep and sex, leave if awake too long, and keep a consistent wake time.","Jansson-Fröjmark et al., 2024, J. Sleep Research",Stimulus control for insomnia: A systematic review and meta‐analysis,10.1111/jsr.14002,https://doi.org/10.1111/jsr.14002
Sleep stimulus control,"Use bed only for sleep and sex, leave if awake too long, and keep a consistent wake time.","Edinger et al., 2021, J. Clinical Sleep Medicine","Behavioral and psychological treatments for chronic insomnia disorder in adults: an American Academy of Sleep Medicine systematic review, meta-analysis, and GRADE assessment",10.5664/jcsm.8988,https://doi.org/10.5664/jcsm.8988
Fixed wake time,"Wake at the same time every day, including weekends, to stabilize the sleep-wake rhythm.","Chaput et al., 2020, Appl. Physiol. Nutr. Metab.","Sleep timing, sleep consistency, and health in adults: a systematic review",10.1139/apnm-2020-0032,https://doi.org/10.1139/apnm-2020-0032
Fixed wake time,"Wake at the same time every day, including weekends, to stabilize the sleep-wake rhythm.","Kalkanis et al., 2025, Sleep Medicine Reviews",Sleep regularity as an important component of sleep hygiene: a systematic review,10.1016/j.smrv.2025.102203,https://doi.org/10.1016/j.smrv.2025.102203
SMART goals,"Convert a vague aim into a Specific, Measurable, Achievable, Relevant, and Time-bound target.","Kleingeld et al., 2011, J. Applied Psychology",The effect of goal setting on group performance: A meta-analysis.,10.1037/a0024315,https://doi.org/10.1037/a0024315
SMART goals,"Convert a vague aim into a Specific, Measurable, Achievable, Relevant, and Time-bound target.","Mento et al., 1987, Org. Behavior & Human Decision Proc.",A meta-analytic study of the effects of goal setting on task performance: 1966–1984,10.1016/0749-5978(87)90045-8,https://doi.org/10.1016/0749-5978(87)90045-8
WOOP,"Name the Wish, Outcome, Obstacle, and Plan an if-then response to the obstacle.","Wang et al., 2021, Frontiers in Psychology",A Meta-Analysis of the Effects of Mental Contrasting With Implementation Intentions on Goal Attainment,10.3389/fpsyg.2021.565202,https://doi.org/10.3389/fpsyg.2021.565202
Pomodoro Technique,"Work on one task for about 25 minutes, take a short break, and repeat.","Albulescu et al., 2022, PLoS ONE","""Give me a break!"" A systematic review and meta-analysis on the efficacy of micro-breaks for increasing well-being and performance",10.1371/journal.pone.0272460,https://doi.org/10.1371/journal.pone.0272460
Time blocking,"Reserve calendar blocks in advance for specific work you want to do during them, for time to rest, for time to exercise, etc.","Aeon et al., 2021, PLoS ONE",Does time management work? A meta-analysis,10.1371/journal.pone.0245066,https://doi.org/10.1371/journal.pone.0245066
Accountability partner,Tell someone the exact commitment and report completion on a fixed schedule.,"Harkin et al., 2016, Psychological Bulletin",Does monitoring goal progress promote goal attainment? A meta-analysis of the experimental evidence.,10.1037/bul0000025,https://doi.org/10.1037/bul0000025
Self-compassion break,"Notice suffering, remind yourself it is human, and speak to yourself as a good coach would.","Ferrari et al., 2019, Mindfulness",Self-Compassion Interventions and Psychosocial Outcomes: a Meta-Analysis of RCTs,10.1007/s12671-019-01134-6,https://doi.org/10.1007/s12671-019-01134-6
Self-compassion break,"Notice suffering, remind yourself it is human, and speak to yourself as a good coach would.","Han et al., 2023, Mindfulness","Effects of Self-Compassion Interventions on Reducing Depressive Symptoms, Anxiety, and Stress: A Meta-Analysis",10.1007/s12671-023-02148-x,https://doi.org/10.1007/s12671-023-02148-x
Acts of kindness,Perform small concrete helpful acts and notice their effects on others and yourself.,"Curry et al., 2018, J. Experimental Social Psych.",Happy to help? A systematic review and meta-analysis of the effects of performing acts of kindness on the well-being of the actor,10.1016/j.jesp.2018.02.014,https://doi.org/10.1016/j.jesp.2018.02.014
Expressive writing,Privately write for 15–20 minutes about a stressful event and what it means.,"Frattaroli, 2006, Psychological Bulletin",Experimental disclosure and its moderators: A meta-analysis.,10.1037/0033-2909.132.6.823,https://doi.org/10.1037/0033-2909.132.6.823
Best Possible Self,Write vividly about a realistic future in which important goals have gone well.,"Carrillo et al., 2019, PLoS ONE",Effects of the Best Possible Self intervention: A systematic review and meta-analysis,10.1371/journal.pone.0222386,https://doi.org/10.1371/journal.pone.0222386
Best Possible Self,Write vividly about a realistic future in which important goals have gone well.,"Heekerens & Eid, 2020, J. Positive Psychology",Inducing positive affect and positive future expectations using the best-possible-self intervention: A systematic review and meta-analysis,10.1080/17439760.2020.1716052,https://doi.org/10.1080/17439760.2020.1716052
Strengths use,Identify a character strength and use it in a new way each day.,"Schutte & Malouff, 2019, J. Happiness Studies",The Impact of Signature Character Strengths Interventions: A Meta-analysis,10.1007/s10902-018-9990-2,https://doi.org/10.1007/s10902-018-9990-2
Daily journaling,"Write a brief uncensored account of thoughts, decisions, and lessons each day.","Sohal et al., 2022, Family Medicine & Community Health",Efficacy of journaling in the management of mental illness: a systematic review and meta-analysis,10.1136/fmch-2021-001154,https://doi.org/10.1136/fmch-2021-001154
No Zero Days,"Do at least one tiny action toward the goal every day, even on bad days.","Gardner et al., 2019, Oxford Research Encyclopedia of Psych.",Habit Formation and Behavior Change,10.1093/acrefore/9780190236557.013.129,https://doi.org/10.1093/acrefore/9780190236557.013.129
Cold exposure,"Expose yourself briefly to cold water, starting mild and short, and observe stress or mood effects.","Cain et al., 2025, PLOS ONE",Effects of cold-water immersion on health and wellbeing: A systematic review and meta-analysis,10.1371/journal.pone.0317615,https://doi.org/10.1371/journal.pone.0317615
Breathwork systems,"Follow a fixed pattern such as box breathing, 4-7-8 breathing, or cyclic hyperventilation with recovery.","Fincham et al., 2023, Scientific Reports",Effect of breathwork on stress and mental health: A meta-analysis of randomised-controlled trials,10.1038/s41598-022-27247-y,https://doi.org/10.1038/s41598-022-27247-y
Breathwork systems,"Follow a fixed pattern such as box breathing, 4-7-8 breathing, or cyclic hyperventilation with recovery.","Balban et al., 2023, Cell Reports Medicine",Brief structured respiration practices enhance mood and reduce physiological arousal,10.1016/j.xcrm.2022.100895,https://doi.org/10.1016/j.xcrm.2022.100895
Urge surfing,"Notice craving sensations as waves, breathe, and wait without acting until they crest and fall.","Demina et al., 2023, BMC Neuroscience",Mindfulness interventions for craving reduction in substance use disorders and behavioral addictions: systematic review and meta-analysis of randomized controlled trials,10.1186/s12868-023-00821-4,https://doi.org/10.1186/s12868-023-00821-4
Urge surfing,"Notice craving sensations as waves, breathe, and wait without acting until they crest and fall.","Bowen & Marlatt, 2009, Psych. of Addictive Behaviors",Surfing the urge: Brief mindfulness-based intervention for college student smokers.,10.1037/a0017127,https://doi.org/10.1037/a0017127
Identity-based habits,Treat each small behavior as evidence for the identity you want to strengthen.,"Rhodes et al., 2024, Health Psychology Review",Intervention effects on physical activity identity: a systematic review and meta-analysis,10.1080/17437199.2024.2412996,https://doi.org/10.1080/17437199.2024.2412996
Identity-based habits,Treat each small behavior as evidence for the identity you want to strengthen.,"Zhu et al., 2025, Applied Psych.: Health & Well-Being",The relationship between habit and identity in health behaviors: A systematic review and three‐level meta‐analysis,10.1111/aphw.70017,https://doi.org/10.1111/aphw.70017
Keystone habit,Pick one habit likely to improve other behaviors or make other habits easier and work on developing that habit first.,"Henriksen et al., 2025, Int. J. Behav. Nutr. & Phys. Act.",Spillover effect of a dietary intervention on physical activity in a randomized controlled trial with colorectal cancer patients,10.1186/s12966-025-01757-0,https://doi.org/10.1186/s12966-025-01757-0
Don't Break the Chain,Mark each day you complete the habit and try to preserve the streak.,"Maher et al., 2022, Games for Health Journal","Gamification in a Physical Activity App: What Gamification Features Are Being Used, by Whom, and Does It Make a Difference?",10.1089/g4h.2021.0207,https://doi.org/10.1089/g4h.2021.0207
Eat the Frog,Do the most aversive high-value task first in the workday.,"Habbert et al., 2020, J. Experimental Social Psych.","To build efficacy, eat the frog first: People misunderstand how the difficulty-ordering of tasks influences efficacy",10.1016/j.jesp.2020.104032,https://doi.org/10.1016/j.jesp.2020.104032
Eat the Frog,Do the most aversive high-value task first in the workday.,"Zhang et al., 2025, Personnel Psychology",Harnessing the Potential of Workday Design: The Sequencing of Task Difficulty and Its Implications for Workday Well‐Being and Performance,10.1111/peps.12685,https://doi.org/10.1111/peps.12685
Dopamine fast,Take a planned break from compulsive high-reward behaviors and replace them with low-stimulation activities.,"Lambert et al., 2022, Cyberpsych., Behavior & Soc. Networking","Taking a One-Week Break from Social Media Improves Well-Being, Depression, and Anxiety: A Randomized Controlled Trial",10.1089/cyber.2021.0324,https://doi.org/10.1089/cyber.2021.0324
Dopamine fast,Take a planned break from compulsive high-reward behaviors and replace them with low-stimulation activities.,"Burnell et al., 2025, SSM – Mental Health",The effects of social media restriction: Meta-analytic evidence from randomized controlled trials,10.1016/j.ssmmh.2025.100459,https://doi.org/10.1016/j.ssmmh.2025.100459
Power posing,Stand or sit expansively for a minute or two before a challenging interaction.,"Ranehill et al., 2015, Psychological Science",Assessing the Robustness of Power Posing,10.1177/0956797614553946,https://doi.org/10.1177/0956797614553946
Power posing,Stand or sit expansively for a minute or two before a challenging interaction.,"Smith & Apicella, 2017, Hormones and Behavior","Winners, losers, and posers: The effect of power poses on testosterone and risk-taking following competition",10.1016/j.yhbeh.2016.11.003,https://doi.org/10.1016/j.yhbeh.2016.11.003
EFT / tapping,"While naming a distressing issue, tap through the standard point sequence and re-rate emotional intensity.","Boness et al., 2024, J. Psychotherapy Integration",Acupressure in psychotherapy as an unsinkable rubber duck: A reply to Feinstein (2023).,10.1037/int0000315,https://doi.org/10.1037/int0000315
Vision board,Create a collage of goal-related images or words.,"Kappes & Oettingen, 2011, J. Experimental Social Psych.",Positive fantasies about idealized futures sap energy,10.1016/j.jesp.2011.02.003,https://doi.org/10.1016/j.jesp.2011.02.003
Vision board,Create a collage of goal-related images or words.,"Oettingen, 2012, European Review of Social Psych.",Future thought and behaviour change,10.1080/10463283.2011.643698,https://doi.org/10.1080/10463283.2011.643698
Positive affirmations,"Repeat short positive statements about yourself (e.g., 'I am strong and capable.').","Wood et al., 2009, Psychological Science",Positive Self-Statements,10.1111/j.1467-9280.2009.02370.x,https://doi.org/10.1111/j.1467-9280.2009.02370.x
Lucky Girl Syndrome,Repeat that things tend to work out for you and look for opportunities that match the expectation.,"Dixon et al., 2025, Pers. & Social Psych. Bulletin",“The Secret” to Success? The Psychology of Belief in Manifestation,10.1177/01461672231181162,https://doi.org/10.1177/01461672231181162
Scripting manifestation,Write a future scene as if the desired outcome has already happened.,"Dixon et al., 2025, Pers. & Social Psych. Bulletin",“The Secret” to Success? The Psychology of Belief in Manifestation,10.1177/01461672231181162,https://doi.org/10.1177/01461672231181162
Binaural beats,Listen to two slightly different tones through headphones to try to induce a target mental state.,"Basu et al., 2022, Psychological Research",Potential of binaural beats intervention for improving memory and attention: insights from meta-analysis and systematic review,10.1007/s00426-022-01706-7,https://doi.org/10.1007/s00426-022-01706-7
Binaural beats,Listen to two slightly different tones through headphones to try to induce a target mental state.,"Leistiko et al., 2023, Current Psychology",Effects of gamma frequency binaural beats on attention and anxiety,10.1007/s12144-023-04681-3,https://doi.org/10.1007/s12144-023-04681-3
Brain training games,"Play cognitive games daily, but expect improvement mainly on trained or nearby tasks rather than broad intelligence.","Simons et al., 2016, Psych. Science in the Public Interest",Do “Brain-Training” Programs Work?,10.1177/1529100616661983,https://doi.org/10.1177/1529100616661983
Brain training games,"Play cognitive games daily, but expect improvement mainly on trained or nearby tasks rather than broad intelligence.","Nguyen et al., 2021, Neuropsychology Review",A Game a Day Keeps Cognitive Decline Away? A Systematic Review and Meta-Analysis of Commercially-Available Brain Training Programs in Healthy and Cognitively Impaired Older Adults,10.1007/s11065-021-09515-2,https://doi.org/10.1007/s11065-021-09515-2
"10,000-hour rule","Accumulate practice hours, but do not expect hours alone to overcome feedback quality, genetics, timing, and domain constraints.","Macnamara et al., 2014, Psychological Science","Deliberate Practice and Performance in Music, Games, Sports, Education, and Professions: A Meta-Analysis",10.1177/0956797614535810,https://doi.org/10.1177/0956797614535810
"10,000-hour rule","Accumulate practice hours, but do not expect hours alone to overcome feedback quality, genetics, timing, and domain constraints.","Macnamara et al., 2016, Perspectives on Psych. Science",The Relationship Between Deliberate Practice and Performance in Sports,10.1177/1745691616635591,https://doi.org/10.1177/1745691616635591
Polyphasic sleep,Split sleep into many short naps to reduce total sleep.,"Weaver et al., 2021, Sleep Health (Nat. Sleep Foundation)",Adverse impact of polyphasic sleep patterns in humans: Report of the National Sleep Foundation sleep timing and variability consensus panel,10.1016/j.sleh.2021.02.009,https://doi.org/10.1016/j.sleh.2021.02.009
369 method,"Write a desired outcome 3 times in the morning, 6 times midday, and 9 times at night.","Dixon et al., 2025, Pers. & Social Psych. Bulletin",“The Secret” to Success? The Psychology of Belief in Manifestation,10.1177/01461672231181162,https://doi.org/10.1177/01461672231181162
Subliminal audio,Play affirming messages below conscious audibility while relaxing or sleeping.,"Greenwald et al., 1991, Psychological Science",Double-Blind Tests of Subliminal Self-Help Audiotapes,10.1111/j.1467-9280.1991.tb00112.x,https://doi.org/10.1111/j.1467-9280.1991.tb00112.x
Solfeggio frequencies,"Play tracks marketed as specific healing frequencies during meditation, rest, or work.","Bando et al., 2023, Int. J. Complementary & Alt. Medicine",Certain frequency music has attracted attention for possible effective healing,10.15406/ijcam.2023.16.00639,https://doi.org/10.15406/ijcam.2023.16.00639
Crystals for healing,Hold or display a crystal to balance energy or heal yourself.,"Escolà-Gascón et al., 2025, CNS Spectrums",Placebo effects in alternative medical treatments for anxiety: false hope or healing potential?,10.1017/S1092852925100515,https://doi.org/10.1017/S1092852925100515
Astrology planning,"Choose goals or timing based on horoscopes, signs, or transits.","Carlson, 1985, Nature",A double-blind test of astrology,10.1038/318419a0,https://doi.org/10.1038/318419a0
Numerology goals,"Select goals, dates, or habits based on personally meaningful numbers.","Rodríguez Garcés et al., 2019, Universitas Psychologica","Entre milagros, espíritus y esoterismo: pensamiento mágico y pseudociencia en el Chile globalizado del siglo XXI",10.11144/Javeriana.upsy18-4.emee,https://doi.org/10.11144/Javeriana.upsy18-4.emee
Law of Attraction,"Think, visualize, or 'vibrate' as if the desired outcome is inevitable or has already happened.","Dixon et al., 2025, Pers. & Social Psych. Bulletin",“The Secret” to Success? The Psychology of Belief in Manifestation,10.1177/01461672231181162,https://doi.org/10.1177/01461672231181162
Law of Attraction,"Think, visualize, or 'vibrate' as if the desired outcome is inevitable or has already happened.","Larsen et al., 2019, Alt. Spirituality & Religion Review",Positive Thinking,10.5840/asrr2019111160,https://doi.org/10.5840/asrr2019111160
Multitasking hack,Rapidly switch between tasks or media streams to get multiple things done at once.,"May & Elder, 2018, Int. J. Educ. Tech. in Higher Ed.","Efficient, helpful, or distracting? A literature review of media multitasking in relation to academic performance",10.1186/s41239-018-0096-z,https://doi.org/10.1186/s41239-018-0096-z
Detox cleanses,"Use juices, teas, fasting, or colon cleanses to 'flush toxins' from the body.","Klein & Kiat, 2015, J. Human Nutrition & Dietetics",Detox diets for toxin elimination and weight management: a critical review of the evidence,10.1111/jhn.12286,https://doi.org/10.1111/jhn.12286
